{
	"notifications": [
		{
			"type": "subscribe",
			"checks": [
				{
					"conditions": {
						"is_gift": true,
						"tier": 1000
					},
					"fields": {
						"title": "${user} получил в подарок подписку ${tier} уровня",
						"path": "./static/notifications/raid/3.mp4"
					}
				},
				{
					"conditions": {
						"is_gift": false,
						"tier": 2000
					},
					"fields": {
						"title": "${user} подписался тир-${tier} сабкой",
						"path": "./static/notifications/raid/3.mp4"
					}
				}
			]
		},
		{
			"type": "raid",
			"checks": [
				{
					"conditions": {
						"viewers": 5
					},
					"fields": {
						"title": "${channel} зарейдил на ${count} зрителей",
						"path": "./static/notifications/raid/3.mp4"
					}
				},
				{
					"conditions": {
						"viewers": 1
					},
					"fields": {
						"title": "${channel} зарейдил на ${count} зрителя",
						"path": "./static/notifications/raid"
					}
				}
			]
		},
		{
			"type": "follow",
			"checks": [
				{
					"fields": {
						"title": "${user} теперь котик",
						"path": "./static/notifications/raid/3.mp4"
					}
				}
			]
		},
		{
			"type": "subgift",
			"checks": [
				{
					"conditions": {
						"is_anonym": true,
						"tier": 2000
					},
					"fields": {
						"title": "инкогнито подарил каналу ${gift_count} тир-${tier} сабок",
						"path": "./static/notifications/raid/3.mp4"
					}
				},
				{
					"conditions": {
						"is_anonym": false,
						"tier": 2000
					},
					"fields": {
						"title": "${user} подарил каналу ${gift_count} тир-${tier} сабок. всего подаренно ${total_gift} сабок",
						"path": "./static/notifications/raid/3.mp4"
					}
				}
			]
		},
		{
			"type": "cheer",
			"checks": [
				{
					"conditions": {
						"is_anonym": true,
						"bits": 0
					},
					"fields": {
						"title": "инкогнито подарил каналу ${bits} битсов",
						"path": "./static/notifications/raid/3.mp4"
					}
				},
				{
					"conditions": {
						"is_anonym": false,
						"bits": 0
					},
					"fields": {
						"title": "${user} подарил каналу ${bits} битсов",
						"path": "./static/notifications/raid/3.mp4"
					}
				}
			]
		},
		{
			"type": "resubscribe",
			"checks": [
				{
					"conditions": {
						"tier": 2000,
						"month": 0
					},
					"fields": {
						"title": "${user} ресабнулся тир-${tier} сабкой. ${user} котик уже ${month} месяцев",
						"path": "./static/notifications/raid/3.mp4"
					}
				}
			]
		}
	]
}